"value","synonyms"
"tay","tay"
"electronic","electronic"
"dan","dan"
"crispy","crispy"
"ttc","ttc"
"singaporean","singaporean"
"cafe","cafe"
"connect","connect"
"ancient","ancient"
"nha","nha"
"open","open"
"price","price"
"modern","modern"
"hall","hall"
"architectural","architectural"
"book","book"
"grocery","grocery"
"bus","bus"
"role","role"
"xuan","xuan"
"fall","fall"
"french","french"
"fine","fine"
"river","river"
"japanese","japanese"
"independence","independence"
"cafés","cafés"
"supermarket","supermarket"
"performance","performance"
"tu","tu"
"southwestern","southwestern"
"stunning","stunning"
"passenger","passenger"
"province","province"
"colonial","colonial"
"metro","metro"
"fashion","fashion"
"culture","culture"
"thu","thu"
"calm","calm"
"ice","ice"
"conscious","conscious"
"city","city"
"item","item"
"student","student"
"south","south"
"route","route"
"cho","cho"
"style","style"
"landmark","landmark"
"majestic","majestic"
"backpacker","backpacker"
"vietnam","vietnam"
"brew","brew"
"look","look"
"terminal","terminal"
"beautifully","beautifully"
"player","player"
"layover","layover"
"facade","facade"
"good","good"
"water","water"
"sip","sip"
"post","post"
"artifact","artifact"
"way","way"
"cuisine","cuisine"
"ho","ho"
"zoo","zoo"
"theme","theme"
"surround","surround"
"traveler","traveler"
"diamond","diamond"
"day","day"
"park","park"
"complex","complex"
"night","night"
"charming","charming"
"check","check"
"sweeping","sweeping"
"hearty","hearty"
"striking","striking"
"teamwork","teamwork"
"relatively","relatively"
"journey","journey"
"bánh","bánh"
"mi","mi"
"ngon","ngon"
"porridge","porridge"
"worker","worker"
"combine","combine"
"people","people"
"area","area"
"frog","frog"
"explore","explore"
"tropical","tropical"
"ba","ba"
"souvenir","souvenir"
"soft","soft"
"try","try"
"house","house"
"allow","allow"
"bay","bay"
"literature","literature"
"cater","cater"
"play","play"
"bed","bed"
"gà","gà"
"casino","casino"
"beer","beer"
"war","war"
"beautiful","beautiful"
"amusement","amusement"
"historical","historical"
"chinese","chinese"
"thanh","thanh"
"worship","worship"
"view","view"
"mall","mall"
"quick","quick"
"pho","pho"
"hotel","hotel"
"transport","transport"
"wartime","wartime"
"eastern","eastern"
"educational","educational"
"bo","bo"
"mediterranean","mediterranean"
"fruit","fruit"
"maintain","maintain"
"beef","beef"
"plant","plant"
"chinatown","chinatown"
"wharf","wharf"
"hoang","hoang"
"retail","retail"
"shopping","shopping"
"phu","phu"
"intimate","intimate"
"bui","bui"
"home","home"
"rich","rich"
"construction","construction"
"son","son"
"line","line"
"flavorful","flavorful"
"experience","experience"
"reflection","reflection"
"cultural","cultural"
"chef","chef"
"deity","deity"
"clothing","clothing"
"transportation","transportation"
"peace","peace"
"tour","tour"
"delta","delta"
"urban","urban"
"activity","activity"
"opera","opera"
"modernity","modernity"
"couple","couple"
"kid","kid"
"noodle","noodle"
"canh","canh"
"hot","hot"
"cu","cu"
"key","key"
"tourist","tourist"
"train","train"
"workshop","workshop"
"centre","centre"
"lounge","lounge"
"suoi","suoi"
"literary","literary"
"guest","guest"
"chi","chi"
"ga","ga"
"relax","relax"
"taste","taste"
"member","member"
"pagoda","pagoda"
"saigon","saigon"
"budget","budget"
"small","small"
"mì","mì"
"treat","treat"
"basic","basic"
"belgian","belgian"
"light","light"
"emperor","emperor"
"chieu","chieu"
"lover","lover"
"english","english"
"kabin","kabin"
"restaurant","restaurant"
"heat","heat"
"elegant","elegant"
"dinh","dinh"
"bowl","bowl"
"palace","palace"
"mekong","mekong"
"accessory","accessory"
"heritage","heritage"
"carlo","carlo"
"thi","thi"
"slide","slide"
"tall","tall"
"xôi","xôi"
"catholic","catholic"
"nguyen","nguyen"
"spot","spot"
"ganh","ganh"
"refined","refined"
"sticky","sticky"
"cathedral","cathedral"
"watch","watch"
"local","local"
"wine","wine"
"hammock","hammock"
"starting","starting"
"street","street"
"conversation","conversation"
"admire","admire"
"country","country"
"ben","ben"
"toiletry","toiletry"
"storage","storage"
"building","building"
"depart","depart"
"singapore","singapore"
"sushi","sushi"
"service","service"
"store","store"
"station","station"
"traditional","traditional"
"tunnel","tunnel"
"traffic","traffic"
"tender","tender"
"vuong","vuong"
"monte","monte"
"coffee","coffee"
"pool","pool"
"garden","garden"
"window","window"
"ibis","ibis"
"kho","kho"
"vien","vien"
"bread","bread"
"come","come"
"environment","environment"
"class","class"
"hoa","hoa"
"big","big"
"accent","accent"
"landscape","landscape"
"hang","hang"
"shopper","shopper"
"number","number"
"shop","shop"
"stylish","stylish"
"tao","tao"
"walk","walk"
"speak","speak"
"luxurious","luxurious"
"flower","flower"
"casual","casual"
"point","point"
"bun","bun"
"prepare","prepare"
"access","access"
"apartment","apartment"
"ballet","ballet"
"need","need"
"cong","cong"
"airport","airport"
"living","living"
"tan","tan"
"notre","notre"
"element","element"
"animal","animal"
"crab","crab"
"esport","esport"
"understand","understand"
"amazing","amazing"
"nightlife","nightlife"
"indoor","indoor"
"hue","hue"
"dong","dong"
"skyline","skyline"
"vendor","vendor"
"vietopia","vietopia"
"village","village"
"craving","craving"
"coaster","coaster"
"incense","incense"
"freshly","freshly"
"xoi","xoi"
"family","family"
"community","community"
"marble","marble"
"center","center"
"place","place"
"cantonese","cantonese"
"thrill","thrill"
"takashimaya","takashimaya"
"comfort","comfort"
"jade","jade"
"thien","thien"
"tiniworld","tiniworld"
"jog","jog"
"tien","tien"
"gaming","gaming"
"southern","southern"
"winter","winter"
"dame","dame"
"vietnamese","vietnamese"
"chill","chill"
"market","market"
"large","large"
"flight","flight"
"outdoor","outdoor"
"fresh","fresh"
"chicken","chicken"
"quieter","quieter"
"cooking","cooking"
"fried","fried"
"produce","produce"
"want","want"
"art","art"
"stew","stew"
"game","game"
"dam","dam"
"quince","quince"
"menu","menu"
"cholon","cholon"
"unique","unique"
"timeless","timeless"
"great","great"
"sweet","sweet"
"tip","tip"
"dim","dim"
"snow","snow"
"entertainment","entertainment"
"dining","dining"
"household","household"
"stay","stay"
"meal","meal"
"peaceful","peaceful"
"mien","mien"
"instagram","instagram"
"kappou","kappou"
"lake","lake"
"time","time"
"eco","eco"
"ride","ride"
"wellness","wellness"
"sky","sky"
"boutique","boutique"
"step","step"
"history","history"
"green","green"
"bench","bench"
"stall","stall"
"cup","cup"
"town","town"
"walking","walking"
"expansive","expansive"
"nhat","nhat"
"convenience","convenience"
"sen","sen"
"office","office"
"railway","railway"
"beauty","beauty"
"link","link"
"interactive","interactive"
"sandwich","sandwich"
"club","club"
"room","room"
"luxury","luxury"
"lon","lon"
"tree","tree"
"exhibit","exhibit"
"learn","learn"
"festival","festival"
"gia","gia"
"western","western"
"hub","hub"
"tac","tac"
"exterior","exterior"
"rieu","rieu"
"banh","banh"
"child","child"
"departure","departure"
"work","work"
"material","material"
"daily","daily"
"religious","religious"
"temple","temple"
"business","business"
"broth","broth"
"suite","suite"
"free","free"
"aeon","aeon"
"resident","resident"
"dish","dish"
"cruise","cruise"
"flavor","flavor"
"glass","glass"
"site","site"
"tho","tho"
"professional","professional"
"venue","venue"
"suong","suong"
"bar","bar"
"architecture","architecture"
"occasion","occasion"
"herb","herb"
"hau","hau"
"café","café"
"rooftop","rooftop"
"practical","practical"
"museum","museum"
"air","air"
"gamer","gamer"
"sum","sum"
"botanical","botanical"
"tranquil","tranquil"
"buddhist","buddhist"
"international","international"
"set","set"
"lagom","lagom"
"appeal","appeal"
"spiritual","spiritual"
"morning","morning"
"short","short"
"color","color"
"nishiyama","nishiyama"
"huynh","huynh"
"van","van"
"quality","quality"
"rong","rong"
"product","product"
"travel","travel"
"skill","skill"
"reunification","reunification"
"dinner","dinner"
"square","square"
"chan","chan"
"plaza","plaza"
"term","term"
"fun","fun"
